[
  {
    "Id": "0",
    "Name": "Rel 1.0",
    "DevelopmentStatus": "Stable",
    "Description": "This is the first release of the TicTacToe game using WPF 3.0.\n",
    "ReleasedDatge": "0001-01-01T00:00:00",
    "ModifiedDate": "2009-02-27T00:05:44.027-08:00",
    "Files": [
      {
        "Id": "959e2f8b-32a2-44ef-a916-7e8138c2df0b",
        "FileName": "TicTacToe.exe",
        "Url": "./0/959e2f8b-32a2-44ef-a916-7e8138c2df0b",
        "Type": "Application",
        "UploadDate": "2009-02-27T00:03:45.347-08:00"
      },
      {
        "Id": "e836d324-8dc8-4a89-bcfb-01f0bde3c3b6",
        "FileName": "TicTacToe.zip",
        "Url": "./0/e836d324-8dc8-4a89-bcfb-01f0bde3c3b6",
        "Type": "Source Code",
        "UploadDate": "2009-02-27T00:03:45.677-08:00"
      }
    ]
  }
]